<?xml version="1.0" encoding="UTF-8" ?>
<!DOCTYPE mapper
PUBLIC "-//mybatis.org//DTD Mapper 3.0//EN"
"http://mybatis.org/dtd/mybatis-3-mapper.dtd">
<mapper namespace="com.example.demo_product.dao.MemberDao">


  <select id="selectList"  resultType="MemberVo">
  	 select * from member order by mem_idx
  </select>
  
  <select id="selectOneFromIdx" parameterType="int"  resultType="MemberVo">
     select * from member where mem_idx=#{ mem_idx }
  </select>
  
  <select id="selectOneFromId" parameterType="String"  resultType="MemberVo">
     select * from member where mem_id=#{ mem_id }
  </select>
  
  
  <!-- 추가  -->
  <insert id="insert"  parameterType="MemberVo">
  	insert into member values(seq_member_mem_idx.nextVal,
  	                           #{ mem_name },
  	                           #{ mem_id },
  	                           #{ mem_pwd },
  	                           #{ mem_addr },
  	                           #{ mem_type },
  	                           #{ mem_zipcode },
  	                           sysdate,
                               #{ mem_tel },
  	                           #{ mem_ip } )
  
  </insert>
  
  <!-- 수정 -->
  <update id="update" parameterType="com.example.demo_product.vo.MemberVo">
  	update member set mem_name=#{ mem_name },
  	                  mem_pwd=#{ mem_pwd },
                     mem_addr=#{ mem_addr },
                     mem_type=#{ mem_type },
                     mem_zipcode=#{ mem_zipcode },
                     mem_tel=#{ mem_tel }
	 where mem_idx=#{ mem_idx }
  
  </update>
  
  
  <!-- 삭제  -->
  <delete id="delete" parameterType="int">
  	delete from member where mem_idx=#{ mem_idx }
  </delete>
  
  
  
 
</mapper>












